,type,version,originX,originY,left,top,width,height,fill,stroke,strokeWidth,strokeDashArray,strokeLineCap,strokeDashOffset,strokeLineJoin,strokeUniform,strokeMiterLimit,scaleX,scaleY,angle,flipX,flipY,opacity,shadow,visible,backgroundColor,fillRule,paintFirst,globalCompositeOperation,skewX,skewY,path
0,path,4.4.0,left,top,20.5,363.5,0.01,0.0,None,#000,3,None,round,0,round,False,10,1,1,0,False,False,1,None,True,,nonzero,fill,source-over,0,0,"[['M', 21.997, 364.99996927195843], ['L', 22.003, 364.99996927195843]]"
1,path,4.4.0,left,top,55.5,192.5,0.01,0.0,None,#FF0,3,None,round,0,round,False,10,1,1,0,False,False,1,None,True,,nonzero,fill,source-over,0,0,"[['M', 56.997, 193.99998366783544], ['L', 57.003, 193.99998366783544]]"
2,path,4.4.0,left,top,219.5,139.5,0.01,0.0,None,#0F0,3,None,round,0,round,False,10,1,1,0,False,False,1,None,True,,nonzero,fill,source-over,0,0,"[['M', 220.997, 140.99998812971543], ['L', 221.003, 140.99998812971543]]"
3,path,4.4.0,left,top,214.5,5.5,0.01,0.0,None,#F00,3,None,round,0,round,False,10,1,1,0,False,False,1,None,True,,nonzero,fill,source-over,0,0,"[['M', 215.997, 6.999999410695093], ['L', 216.003, 6.999999410695093]]"
4,path,4.4.0,left,top,140.5,433.5,7.0,9.88,None,#F00,3,None,round,0,round,False,10,1,1,0,False,False,1,None,True,,nonzero,fill,source-over,0,0,"[['M', 145, 434.99696337890936], ['Q', 145, 434.99996337890934, 145, 435.99996329472293], ['Q', 145, 436.9999632105365, 145, 438.9999630421637], ['Q', 145, 440.9999628737909, 145.5, 441.49996283169764], ['Q', 146, 441.99996278960447, 146.5, 442.4999627475113], ['Q', 147, 442.99996270541806, 148, 442.99996270541806], ['Q', 149, 442.99996270541806, 149, 440.4999629158841], ['Q', 149, 437.9999631263501, 148.5, 437.4999631684433], ['Q', 148, 436.9999632105365, 147.5, 436.9999632105365], ['Q', 147, 436.9999632105365, 147, 437.4999631684433], ['Q', 147, 437.9999631263501, 147, 438.9999630421637], ['Q', 147, 439.9999629579773, 147, 440.4999629158841], ['Q', 147, 440.9999628737909, 147, 441.49996283169764], ['Q', 147, 441.99996278960447, 147, 442.4999627475113], ['Q', 147, 442.99996270541806, 147.5, 442.99996270541806], ['Q', 148, 442.99996270541806, 148.5, 442.99996270541806], ['Q', 149, 442.99996270541806, 149, 442.4999627475113], ['Q', 149, 441.99996278960447, 149, 441.49996283169764], ['Q', 149, 440.9999628737909, 149, 440.4999629158841], ['Q', 149, 439.9999629579773, 148.5, 439.49996300007047], ['Q', 148, 438.9999630421637, 147.5, 438.9999630421637], ['Q', 147, 438.9999630421637, 146.5, 438.9999630421637], ['Q', 146, 438.9999630421637, 145.5, 438.9999630421637], ['Q', 145, 438.9999630421637, 144.5, 439.49996300007047], ['Q', 144, 439.9999629579773, 143.5, 439.9999629579773], ['Q', 143, 439.9999629579773, 142.5, 440.4999629158841], ['Q', 142, 440.9999628737909, 142, 441.49996283169764], ['Q', 142, 441.99996278960447, 142, 442.4999627475113], ['Q', 142, 442.99996270541806, 142.5, 443.4999626633248], ['Q', 143, 443.9999626212316, 144, 443.9999626212316], ['Q', 145, 443.9999626212316, 145, 444.49996257913836], ['Q', 145, 444.9999625370452, 145.5, 444.49996257913836], ['Q', 146, 443.9999626212316, 146.5, 443.4999626633248], ['Q', 147, 442.99996270541806, 147.5, 442.4999627475113], ['Q', 148, 441.99996278960447, 148, 441.49996283169764], ['Q', 148, 440.9999628737909, 148, 440.4999629158841], ['Q', 148, 439.9999629579773, 147.5, 439.49996300007047], ['Q', 147, 438.9999630421637, 146.5, 438.9999630421637], ['Q', 146, 438.9999630421637, 145.5, 438.9999630421637], ['Q', 145, 438.9999630421637, 144.5, 438.9999630421637], ['Q', 144, 438.9999630421637, 144, 439.49996300007047], ['Q', 144, 439.9999629579773, 144, 440.4999629158841], ['Q', 144, 440.9999628737909, 144, 441.99996278960447], ['Q', 144, 442.99996270541806, 144.5, 442.99996270541806], ['Q', 145, 442.99996270541806, 145, 443.4999626633248], ['Q', 145, 443.9999626212316, 145.5, 443.9999626212316], ['Q', 146, 443.9999626212316, 146.5, 443.9999626212316], ['Q', 147, 443.9999626212316, 147.5, 443.4999626633248], ['Q', 148, 442.99996270541806, 148.5, 442.99996270541806], ['Q', 149, 442.99996270541806, 149, 442.4999627475113], ['Q', 149, 441.99996278960447, 149, 441.49996283169764], ['Q', 149, 440.9999628737909, 149, 440.4999629158841], ['Q', 149, 439.9999629579773, 149, 439.49996300007047], ['Q', 149, 438.9999630421637, 148.5, 438.9999630421637], ['Q', 148, 438.9999630421637, 147.5, 439.49996300007047], ['Q', 147, 439.9999629579773, 147, 440.9999628737909], ['Q', 147, 441.99996278960447, 147, 442.99996270541806], ['Q', 147, 443.9999626212316, 147.5, 444.49996257913836], ['Q', 148, 444.9999625370452, 148, 444.49996257913836], ['L', 148, 443.9969626212316]]"
5,path,4.4.0,left,top,12.63,171.5,68.88,51.75,None,#FF0,3,None,round,0,round,False,10,1,1,0,False,False,1,None,True,,nonzero,fill,source-over,0,0,"[['M', 42.997, 176.99698509900452], ['Q', 43, 176.9999850990045, 45, 179.99998484644527], ['Q', 47, 182.999984593886, 48, 184.4999844676064], ['Q', 49, 185.99998434132675, 53.5, 192.49998379411505], ['Q', 58, 198.99998324690335, 62.5, 203.49998286806448], ['Q', 67, 207.99998248922563, 69, 210.4999822787596], ['Q', 71, 212.99998206829355, 71.5, 213.99998198410714], ['Q', 72, 214.99998189992073, 73, 215.99998181573432], ['Q', 74, 216.99998173154788, 74, 217.49998168945467], ['Q', 74, 217.99998164736147, 75.5, 218.99998156317506], ['Q', 77, 219.99998147898864, 78, 220.49998143689544], ['Q', 79, 220.99998139480223, 79.5, 221.49998135270903], ['Q', 80, 221.9999813106158, 80.5, 222.4999812685226], ['Q', 81, 222.99998122642938, 82, 223.99998114224297], ['Q', 83, 224.99998105805656, 83, 223.99998114224297], ['Q', 83, 222.99998122642938, 82.5, 220.9999813948022], ['Q', 82, 218.99998156317506, 80.5, 214.99998189992073], ['Q', 79, 210.99998223666637, 74.5, 204.99998274178486], ['Q', 70, 198.99998324690335, 68, 195.9999834994626], ['Q', 66, 192.99998375202185, 61.5, 189.49998404667429], ['Q', 57, 185.99998434132675, 55.5, 184.4999844676064], ['Q', 54, 182.999984593886, 52.5, 180.49998480435204], ['Q', 51, 177.99998501481807, 50, 177.49998505691127], ['Q', 49, 176.9999850990045, 48.5, 175.99998518319092], ['Q', 48, 174.99998526737733, 47.5, 174.99998526737733], ['Q', 47, 174.99998526737733, 46, 174.99998526737733], ['Q', 45, 174.99998526737733, 44.5, 174.99998526737733], ['Q', 44, 174.99998526737733, 41.5, 173.99998535156374], ['Q', 39, 172.99998543575015, 38, 172.99998543575015], ['Q', 37, 172.99998543575015, 36.5, 172.99998543575015], ['Q', 36, 172.99998543575015, 34.5, 172.99998543575015], ['Q', 33, 172.99998543575015, 31, 173.49998539365694], ['Q', 29, 173.99998535156374, 27.5, 174.49998530947053], ['Q', 26, 174.99998526737733, 24, 176.49998514109768], ['Q', 22, 177.99998501481807, 20, 177.99998501481807], ['Q', 18, 177.99998501481807, 16.5, 178.49998497272486], ['Q', 15, 178.99998493063165, 14.5, 178.99998493063165], ['Q', 14, 178.99998493063165, 14.5, 179.49998488853845], ['Q', 15, 179.99998484644524, 16.5, 180.49998480435204], ['Q', 18, 180.99998476225883, 19.5, 181.49998472016563], ['Q', 21, 181.99998467807242, 23.5, 182.999984593886], ['Q', 26, 183.9999845096996, 27.5, 184.4999844676064], ['Q', 29, 184.99998442551316, 31, 185.49998438341996], ['Q', 33, 185.99998434132675, 34.5, 185.99998434132675], ['Q', 36, 185.99998434132675, 37, 185.99998434132675], ['Q', 38, 185.99998434132675, 38.5, 185.99998434132675], ['Q', 39, 185.99998434132675, 40, 185.99998434132675], ['Q', 41, 185.99998434132675, 42, 185.99998434132675], ['L', 43.003, 185.99998434132675]]"
6,path,4.4.0,left,top,300.63,272.5,36.88,34.0,None,#FF0,3,None,round,0,round,False,10,1,1,0,False,False,1,None,True,,nonzero,fill,source-over,0,0,"[['M', 327.003, 283.99697609105806], ['Q', 327, 283.99997609105804, 324, 283.99997609105804], ['Q', 321, 283.99997609105804, 319, 284.49997604896487], ['Q', 317, 284.99997600687163, 316, 285.4999759647784], ['Q', 315, 285.9999759226852, 310, 286.49997588059205], ['Q', 305, 286.9999758384988, 304, 286.9999758384988], ['Q', 303, 286.9999758384988, 303, 287.4999757964056], ['Q', 303, 287.9999757543124, 302.5, 287.9999757543124], ['Q', 302, 287.9999757543124, 302.5, 287.9999757543124], ['Q', 303, 287.9999757543124, 304, 287.9999757543124], ['Q', 305, 287.9999757543124, 306.5, 287.9999757543124], ['Q', 308, 287.9999757543124, 311.5, 287.9999757543124], ['Q', 315, 287.9999757543124, 318, 288.4999757122192], ['Q', 321, 288.999975670126, 323.5, 289.49997562803276], ['Q', 326, 289.9999755859396, 327, 289.9999755859396], ['Q', 328, 289.9999755859396, 329, 290.4999755438464], ['Q', 330, 290.99997550175317, 331, 291.49997545965994], ['Q', 332, 291.99997541756676, 332, 292.4999753754736], ['Q', 332, 292.99997533338035, 332.5, 293.9999752491939], ['Q', 333, 294.99997516500747, 333, 295.99997508082106], ['Q', 333, 296.99997499663465, 333.5, 298.9999748282618], ['Q', 334, 300.999974659889, 334.5, 301.9999745757026], ['Q', 335, 302.9999744915162, 335, 303.9999744073298], ['Q', 335, 304.99997432314336, 336, 305.99997423895695], ['Q', 337, 306.9999741547705, 337, 307.49997411267725], ['Q', 337, 307.9999740705841, 337.5, 307.9999740705841], ['Q', 338, 307.9999740705841, 338.5, 306.9999741547705], ['Q', 339, 305.9999742389569, 339, 304.9999743231433], ['Q', 339, 303.9999744073298, 339, 301.9999745757026], ['Q', 339, 299.9999747440754, 339, 295.99997508082106], ['Q', 339, 291.99997541756676, 339, 289.49997562803276], ['Q', 339, 286.9999758384988, 339, 282.99997617524446], ['Q', 339, 278.99997651199016, 338, 276.999976680363], ['Q', 337, 274.9999768487358, 336.5, 274.499976890829], ['Q', 336, 273.9999769329222, 335.5, 273.9999769329222], ['Q', 335, 273.9999769329222, 334.5, 273.9999769329222], ['Q', 334, 273.9999769329222, 333.5, 273.9999769329222], ['Q', 333, 273.9999769329222, 331, 274.499976890829], ['Q', 329, 274.9999768487358, 327.5, 275.9999767645494], ['Q', 326, 276.999976680363, 324.5, 277.99997659617657], ['Q', 323, 278.99997651199016, 321.5, 279.99997642780374], ['Q', 320, 280.9999763436173, 319.5, 282.4999762173377], ['Q', 319, 283.99997609105804, 319, 284.49997604896487], ['Q', 319, 284.99997600687163, 319, 285.9999759226852], ['Q', 319, 286.9999758384988, 320, 287.9999757543124], ['Q', 321, 288.999975670126, 322, 289.9999755859396], ['Q', 323, 290.99997550175317, 324.5, 291.99997541756676], ['Q', 326, 292.99997533338035, 327, 292.99997533338035], ['Q', 328, 292.99997533338035, 328.5, 292.99997533338035], ['Q', 329, 292.99997533338035, 329.5, 292.99997533338035], ['Q', 330, 292.99997533338035, 330.5, 292.4999753754736], ['Q', 331, 291.99997541756676, 331, 291.49997545965994], ['Q', 331, 290.99997550175317, 331, 288.999975670126], ['Q', 331, 286.9999758384988, 330, 283.4999761331513], ['Q', 329, 279.99997642780374, 327, 278.49997655408333], ['Q', 325, 276.999976680363, 324.5, 276.999976680363], ['Q', 324, 276.999976680363, 323, 276.49997672245615], ['Q', 322, 275.9999767645494, 321, 275.9999767645494], ['Q', 320, 275.9999767645494, 319, 276.49997672245615], ['Q', 318, 276.999976680363, 317, 277.4999766382698], ['Q', 316, 277.99997659617657, 316, 278.49997655408333], ['Q', 316, 278.99997651199016, 316, 280.9999763436173], ['Q', 316, 282.99997617524446, 316.5, 283.99997609105804], ['Q', 317, 284.99997600687163, 318, 285.9999759226852], ['Q', 319, 286.9999758384988, 319.5, 287.9999757543124], ['Q', 320, 288.999975670126, 323.5, 289.9999755859396], ['Q', 327, 290.99997550175317, 328.5, 291.99997541756676], ['Q', 330, 292.99997533338035, 330.5, 292.99997533338035], ['Q', 331, 292.99997533338035, 331.5, 292.99997533338035], ['Q', 332, 292.99997533338035, 332.5, 292.4999753754736], ['Q', 333, 291.99997541756676, 333, 291.49997545965994], ['Q', 333, 290.99997550175317, 333, 289.9999755859396], ['Q', 333, 288.999975670126, 332, 286.9999758384988], ['Q', 331, 284.99997600687163, 328.5, 283.99997609105804], ['Q', 326, 282.99997617524446, 324.5, 282.99997617524446], ['Q', 323, 282.99997617524446, 322.5, 282.99997617524446], ['Q', 322, 282.99997617524446, 321, 282.99997617524446], ['Q', 320, 282.99997617524446, 319, 283.4999761331512], ['Q', 318, 283.99997609105804, 317.5, 284.49997604896487], ['Q', 317, 284.99997600687163, 317, 285.4999759647784], ['Q', 317, 285.9999759226852, 316.5, 286.49997588059205], ['Q', 316, 286.9999758384988, 315.5, 287.4999757964056], ['L', 314.997, 288.0029757543124]]"
7,path,4.4.0,left,top,221.5,112.5,64.0,40.0,None,#0F0,3,None,round,0,round,False,10,1,1,0,False,False,1,None,True,,nonzero,fill,source-over,0,0,"[['M', 236.003, 122.99698964507093], ['Q', 236, 122.99998964507093, 235.5, 122.99998964507093], ['Q', 235, 122.99998964507093, 234, 123.9999895608845], ['Q', 233, 124.99998947669809, 233, 125.49998943460488], ['Q', 233, 125.99998939251168, 233.5, 126.49998935041847], ['Q', 234, 126.99998930832525, 235.5, 126.99998930832525], ['Q', 237, 126.99998930832525, 239, 126.99998930832525], ['Q', 241, 126.99998930832525, 242, 126.99998930832525], ['Q', 243, 126.99998930832525, 244.5, 126.49998935041847], ['Q', 246, 125.99998939251168, 247.5, 125.49998943460488], ['Q', 249, 124.99998947669809, 251, 124.99998947669809], ['Q', 253, 124.99998947669809, 255, 124.99998947669809], ['Q', 257, 124.99998947669809, 261, 125.99998939251168], ['Q', 265, 126.99998930832525, 268, 127.99998922413883], ['Q', 271, 128.99998913995242, 274, 130.9999889715796], ['Q', 277, 132.99998880320678, 280, 134.99998863483393], ['Q', 283, 136.9999884664611, 284, 136.9999884664611], ['Q', 285, 136.9999884664611, 286, 137.4999884243679], ['Q', 287, 137.9999883822747, 287, 138.4999883401815], ['Q', 287, 138.99998829808828, 287, 139.99998821390187], ['Q', 287, 140.99998812971543, 287, 141.49998808762223], ['Q', 287, 141.99998804552902, 287, 142.49998800343582], ['Q', 287, 142.9999879613426, 287, 143.4999879192494], ['Q', 287, 143.9999878771562, 286.5, 144.499987835063], ['Q', 286, 144.9999877929698, 285.5, 144.9999877929698], ['Q', 285, 144.9999877929698, 284, 145.49998775087658], ['Q', 283, 145.99998770878338, 282, 145.99998770878338], ['Q', 281, 145.99998770878338, 280, 145.99998770878338], ['Q', 279, 145.99998770878338, 276.5, 145.49998775087658], ['Q', 274, 144.9999877929698, 270, 143.9999878771562], ['Q', 266, 142.9999879613426, 261, 141.49998808762223], ['Q', 256, 139.99998821390187, 253.5, 138.99998829808828], ['Q', 251, 137.9999883822747, 250.5, 137.4999884243679], ['Q', 250, 136.9999884664611, 248, 134.99998863483393], ['Q', 246, 132.99998880320678, 243.5, 131.4999889294864], ['Q', 241, 129.999989055766, 237.5, 128.49998918204562], ['Q', 234, 126.99998930832525, 233, 126.99998930832525], ['Q', 232, 126.99998930832525, 231, 125.99998939251168], ['Q', 230, 124.99998947669809, 229.5, 124.99998947669809], ['Q', 229, 124.99998947669809, 228.5, 124.99998947669809], ['Q', 228, 124.99998947669809, 227.5, 124.99998947669809], ['Q', 227, 124.99998947669809, 227, 125.49998943460488], ['Q', 227, 125.99998939251168, 226.5, 126.49998935041847], ['Q', 226, 126.99998930832525, 225, 128.49998918204562], ['Q', 224, 129.999989055766, 224, 131.4999889294864], ['Q', 224, 132.99998880320678, 223.5, 134.49998867692716], ['Q', 223, 135.99998855064752, 223, 136.9999884664611], ['Q', 223, 137.9999883822747, 223, 138.99998829808828], ['Q', 223, 139.99998821390187, 223.5, 140.49998817180864], ['Q', 224, 140.99998812971543, 224, 141.49998808762223], ['Q', 224, 141.99998804552902, 225, 141.99998804552902], ['Q', 226, 141.99998804552902, 227, 141.99998804552902], ['Q', 228, 141.99998804552902, 230.5, 141.99998804552902], ['Q', 233, 141.99998804552902, 235.5, 141.99998804552902], ['Q', 238, 141.99998804552902, 239.5, 141.99998804552902], ['Q', 241, 141.99998804552902, 243.5, 140.99998812971546], ['Q', 246, 139.99998821390187, 247.5, 138.99998829808828], ['Q', 249, 137.9999883822747, 251, 136.4999885085543], ['Q', 253, 134.99998863483393, 254, 134.49998867692716], ['Q', 255, 133.99998871902037, 255, 132.49998884529998], ['Q', 255, 130.9999889715796, 255.5, 129.999989055766], ['Q', 256, 128.99998913995242, 256, 127.49998926623205], ['Q', 256, 125.99998939251168, 256, 124.99998947669809], ['Q', 256, 123.9999895608845, 254.5, 121.99998972925734], ['Q', 253, 119.99998989763017, 250.5, 117.999990066003], ['Q', 248, 115.99999023437583, 246, 114.99999031856224], ['Q', 244, 113.99999040274865, 242, 113.99999040274865], ['Q', 240, 113.99999040274865, 239, 113.99999040274865], ['Q', 238, 113.99999040274865, 236.5, 113.99999040274865], ['Q', 235, 113.99999040274865, 234, 115.49999027646903], ['Q', 233, 116.99999015018942, 231.5, 119.49998993972338], ['Q', 230, 121.99998972925734, 230, 122.99998964507091], ['Q', 230, 123.9999895608845, 230, 124.99998947669809], ['Q', 230, 125.99998939251168, 230, 126.99998930832527], ['Q', 230, 127.99998922413884, 231.5, 129.999989055766], ['Q', 233, 131.9999888873932, 234.5, 132.49998884529998], ['Q', 236, 132.99998880320678, 237, 132.99998880320678], ['Q', 238, 132.99998880320678, 239.5, 132.99998880320678], ['Q', 241, 132.99998880320678, 244, 130.9999889715796], ['Q', 247, 128.99998913995242, 249, 126.99998930832525], ['Q', 251, 124.99998947669809, 251.5, 123.9999895608845], ['Q', 252, 122.99998964507093, 252, 121.49998977135056], ['Q', 252, 119.99998989763017, 252, 119.49998993972338], ['Q', 252, 118.99998998181658, 251.5, 118.49999002390979], ['Q', 251, 117.999990066003, 250.5, 117.4999901080962], ['Q', 250, 116.99999015018942, 248.5, 116.99999015018942], ['Q', 247, 116.99999015018942, 245.5, 117.4999901080962], ['Q', 244, 117.999990066003, 243.5, 118.99998998181658], ['Q', 243, 119.99998989763017, 242.5, 121.49998977135056], ['Q', 242, 122.99998964507093, 242, 126.49998935041847], ['Q', 242, 129.999989055766, 243, 133.49998876111357], ['Q', 244, 136.9999884664611, 248, 140.99998812971546], ['Q', 252, 144.9999877929698, 255.5, 147.49998758250376], ['Q', 259, 149.9999873720377, 261.5, 151.49998724575806], ['Q', 264, 152.99998711947845, 265.5, 153.49998707738524], ['Q', 267, 153.99998703529204, 267.5, 153.99998703529204], ['Q', 268, 153.99998703529204, 268.5, 153.99998703529204], ['Q', 269, 153.99998703529204, 270, 151.49998724575806], ['Q', 271, 148.99998745622412, 271.5, 143.9999878771562], ['Q', 272, 138.99998829808828, 272, 135.49998859274075], ['Q', 272, 131.9999888873932, 271.5, 130.4999890136728], ['Q', 271, 128.99998913995242, 270, 127.49998926623205], ['Q', 269, 125.99998939251168, 268.5, 125.49998943460488], ['Q', 268, 124.99998947669809, 267, 124.99998947669809], ['Q', 266, 124.99998947669809, 265.5, 124.99998947669809], ['Q', 265, 124.99998947669809, 264, 125.49998943460488], ['Q', 263, 125.99998939251168, 262, 126.99998930832527], ['Q', 261, 127.99998922413884, 260, 130.9999889715796], ['Q', 259, 133.99998871902037, 258, 137.4999884243679], ['Q', 257, 140.99998812971543, 256.5, 143.99998787715617], ['Q', 256, 146.99998762459694, 256, 149.4999874141309], ['Q', 256, 151.9999872036649, 257.5, 152.49998716157165], ['Q', 259, 152.99998711947845, 259.5, 153.49998707738524], ['Q', 260, 153.99998703529204, 260.5, 153.99998703529204], ['Q', 261, 153.99998703529204, 261.5, 153.99998703529204], ['Q', 262, 153.99998703529204, 263, 153.99998703529204], ['Q', 264, 153.99998703529204, 265, 152.49998716157165], ['Q', 266, 150.9999872878513, 266.5, 148.49998749831735], ['Q', 267, 145.99998770878338, 267, 143.4999879192494], ['Q', 267, 140.99998812971543, 265, 136.4999885085543], ['Q', 263, 131.9999888873932, 261.5, 128.99998913995245], ['Q', 260, 125.99998939251168, 259, 124.99998947669809], ['Q', 258, 123.9999895608845, 257.5, 123.9999895608845], ['Q', 257, 123.9999895608845, 256, 124.4999895187913], ['Q', 255, 124.99998947669809, 254.5, 126.49998935041847], ['Q', 254, 127.99998922413884, 254, 129.4999890978592], ['Q', 254, 130.9999889715796, 254.5, 135.49998859274075], ['Q', 255, 139.99998821390187, 255.5, 141.49998808762223], ['Q', 256, 142.9999879613426, 258, 144.499987835063], ['Q', 260, 145.99998770878338, 260.5, 146.49998766669017], ['Q', 261, 146.99998762459694, 261.5, 147.49998758250373], ['Q', 262, 147.99998754041053, 262.5, 147.99998754041053], ['Q', 263, 147.99998754041053, 263.5, 147.99998754041053], ['Q', 264, 147.99998754041053, 264.5, 147.49998758250373], ['Q', 265, 146.99998762459694, 265, 145.99998770878335], ['Q', 265, 144.9999877929698, 265, 143.4999879192494], ['Q', 265, 141.99998804552902, 264.5, 140.49998817180864], ['Q', 264, 138.99998829808828, 262, 137.9999883822747], ['L', 259.997, 136.99698846646112]]"
8,path,4.4.0,left,top,4.5,348.5,42.0,69.0,None,#000,3,None,round,0,round,False,10,1,1,0,False,False,1,None,True,,nonzero,fill,source-over,0,0,"[['M', 41, 356.0029700296361], ['Q', 41, 355.99997002963613, 40.5, 355.99997002963613], ['Q', 40, 355.99997002963613, 40, 355.49997007172936], ['Q', 40, 354.9999701138226, 39, 354.9999701138226], ['Q', 38, 354.9999701138226, 36.5, 354.4999701559158], ['Q', 35, 353.999970198009, 34.5, 353.999970198009], ['Q', 34, 353.999970198009, 33.5, 353.999970198009], ['Q', 33, 353.999970198009, 32.5, 353.999970198009], ['Q', 32, 353.999970198009, 31.5, 353.999970198009], ['Q', 31, 353.999970198009, 30.5, 353.999970198009], ['Q', 30, 353.999970198009, 28.5, 353.999970198009], ['Q', 27, 353.999970198009, 26, 353.999970198009], ['Q', 25, 353.999970198009, 24.5, 353.999970198009], ['Q', 24, 353.999970198009, 23, 354.4999701559158], ['Q', 22, 354.9999701138226, 21, 355.9999700296362], ['Q', 20, 356.9999699454497, 19, 358.49996981917013], ['Q', 18, 359.9999696928905, 16, 363.99996935614485], ['Q', 14, 367.9999690193992, 13, 369.49996889311956], ['Q', 12, 370.9999687668399, 11.5, 372.49996864056027], ['Q', 11, 373.9999685142807, 10.5, 375.99996834590786], ['Q', 10, 377.99996817753504, 9.5, 382.49996779869616], ['Q', 9, 386.9999674198573, 8, 391.9999669989252], ['Q', 7, 396.9999665779931, 7, 399.9999663254339], ['Q', 7, 402.99996607287466, 8.5, 404.9999659045018], ['Q', 10, 406.99996573612896, 10.5, 408.99996556775613], ['Q', 11, 410.9999653993833, 12.5, 413.49996518891726], ['Q', 14, 415.99996497845126, 14.5, 416.99996489426485], ['Q', 15, 417.99996481007844, 15.5, 418.4999647679852], ['Q', 16, 418.99996472589197, 17, 418.99996472589197], ['Q', 18, 418.99996472589197, 18.5, 418.99996472589197], ['Q', 19, 418.99996472589197, 20.5, 418.99996472589197], ['Q', 22, 418.99996472589197, 23.5, 418.4999647679852], ['Q', 25, 417.99996481007844, 27, 416.99996489426485], ['Q', 29, 415.99996497845126, 30.5, 413.9999651468241], ['Q', 32, 411.9999653151969, 33, 410.49996544147655], ['Q', 34, 408.99996556775613, 35, 407.99996565194255], ['Q', 36, 406.99996573612896, 37.5, 403.4999660307814], ['Q', 39, 399.9999663254339, 39.5, 397.9999664938067], ['Q', 40, 395.99996666217953, 42.5, 392.499966956832], ['Q', 45, 388.99996725148446, 46, 386.4999674619505], ['Q', 47, 383.9999676724165, 47.5, 379.4999680512554], ['Q', 48, 374.99996843009427, 48, 371.49996872474674], ['Q', 48, 367.9999690193992, 47, 365.999969187772], ['Q', 46, 363.99996935614485, 44.5, 361.99996952451767], ['Q', 43, 359.9999696928905, 42, 358.49996981917013], ['Q', 41, 356.9999699454497, 40.5, 356.49996998754295], ['Q', 40, 355.99997002963613, 39.5, 355.49997007172936], ['Q', 39, 354.9999701138226, 38.5, 354.9999701138226], ['Q', 38, 354.9999701138226, 37.5, 354.4999701559158], ['Q', 37, 353.999970198009, 36.5, 353.999970198009], ['Q', 36, 353.999970198009, 35, 353.999970198009], ['Q', 34, 353.999970198009, 32.5, 355.49997007172936], ['Q', 31, 356.9999699454497, 29, 359.49996973498367], ['Q', 27, 361.99996952451767, 23.5, 364.99996927195843], ['Q', 20, 367.9999690193992, 17, 373.4999685563739], ['Q', 14, 378.9999680933486, 13, 381.9999678407894], ['Q', 12, 384.9999675882301, 10, 389.999967167298], ['Q', 8, 394.99996674636594, 8, 397.49996653589994], ['Q', 8, 399.9999663254339, 8, 400.9999662412475], ['Q', 8, 401.99996615706107, 10, 403.99996598868825], ['Q', 12, 405.99996582031537, 12.5, 406.4999657782222], ['Q', 13, 406.99996573612896, 14, 406.99996573612896], ['Q', 15, 406.99996573612896, 15.5, 406.99996573612896], ['Q', 16, 406.99996573612896, 17.5, 406.99996573612896], ['Q', 19, 406.99996573612896, 22.5, 406.4999657782222], ['Q', 26, 405.99996582031537, 28, 404.499965946595], ['Q', 30, 402.99996607287466, 30.5, 400.9999662412475], ['Q', 31, 398.9999664096203, 31.5, 395.99996666217953], ['Q', 32, 392.9999669147388, 32, 388.99996725148446], ['Q', 32, 384.9999675882301, 32, 380.99996792497575], ['Q', 32, 376.99996826172145, 31, 372.9999685984671], ['Q', 30, 368.99996893521273, 29, 366.4999691456788], ['Q', 28, 363.99996935614485, 27.5, 363.499969398238], ['Q', 27, 362.99996944033126, 26.5, 362.4999694824245], ['Q', 26, 361.99996952451767, 24.5, 361.99996952451767], ['Q', 23, 361.99996952451767, 21.5, 362.99996944033126], ['Q', 20, 363.99996935614485, 17, 367.4999690614924], ['Q', 14, 370.9999687668399, 12.5, 374.49996847218745], ['Q', 11, 377.99996817753504, 10, 383.49996771450975], ['Q', 9, 388.99996725148446, 9, 394.4999667884592], ['Q', 9, 399.9999663254339, 10.5, 401.99996615706107], ['Q', 12, 403.99996598868825, 14, 404.9999659045018], ['Q', 16, 405.99996582031537, 18, 405.99996582031537], ['Q', 20, 405.99996582031537, 23, 406.4999657782222], ['Q', 26, 406.99996573612896, 29, 405.9999658203154], ['Q', 32, 404.99996590450183, 35, 402.99996607287466], ['Q', 38, 400.9999662412475, 40.5, 395.99996666217953], ['Q', 43, 390.99996708311164, 43.5, 385.49996754613693], ['Q', 44, 379.9999680091622, 44, 369.9999688510263], ['Q', 44, 359.9999696928905, 41.5, 356.49996998754295], ['Q', 39, 352.9999702821954, 38, 351.49997040847506], ['Q', 37, 349.99997053475465, 36.5, 349.99997053475465], ['Q', 36, 349.99997053475465, 35.5, 349.99997053475465], ['Q', 35, 349.99997053475465, 32, 352.99997028219536], ['Q', 29, 355.99997002963613, 26, 361.99996952451767], ['Q', 23, 367.9999690193992, 21.5, 372.99996859846715], ['Q', 20, 377.99996817753504, 20, 380.99996792497575], ['Q', 20, 383.9999676724165, 20, 388.4999672935777], ['Q', 20, 392.9999669147388, 22, 396.9999665779932], ['Q', 24, 400.9999662412475, 26, 401.4999661991543], ['Q', 28, 401.99996615706107, 30, 402.49996611496783], ['Q', 32, 402.99996607287466, 34, 402.99996607287466], ['Q', 36, 402.99996607287466, 37.5, 402.99996607287466], ['Q', 39, 402.99996607287466, 40, 402.49996611496783], ['Q', 41, 401.99996615706107, 41.5, 399.4999663675271], ['Q', 42, 396.9999665779931, 42, 393.99996683055235], ['Q', 42, 390.99996708311164, 42, 387.49996737776405], ['Q', 42, 383.9999676724165, 40.5, 379.4999680512554], ['Q', 39, 374.99996843009427, 34, 369.9999688510263], ['Q', 29, 364.99996927195843, 28.5, 363.99996935614485], ['Q', 28, 362.99996944033126, 26.5, 363.499969398238], ['Q', 25, 363.99996935614485, 22.5, 366.4999691456788], ['Q', 20, 368.99996893521273, 16.5, 375.49996838800104], ['Q', 13, 381.99996784078934, 10, 388.99996725148446], ['Q', 7, 395.99996666217953, 6.5, 400.49996628334065], ['Q', 6, 404.99996590450183, 6, 406.99996573612896], ['Q', 6, 408.99996556775613, 7.5, 409.9999654835697], ['Q', 9, 410.9999653993833, 10, 410.9999653993833], ['Q', 11, 410.9999653993833, 12, 410.9999653993833], ['Q', 13, 410.9999653993833, 15, 410.49996544147655], ['Q', 17, 409.9999654835697, 19.5, 407.4999656940358], ['Q', 22, 404.99996590450183, 24.5, 401.4999661991543], ['Q', 27, 397.9999664938067, 27.5, 394.4999667884592], ['Q', 28, 390.99996708311164, 28, 389.49996720939123], ['Q', 28, 387.9999673356709, 26.5, 383.49996771450975], ['Q', 25, 378.9999680933486, 22, 374.99996843009427], ['Q', 19, 370.9999687668399, 17, 368.9999689352128], ['Q', 15, 366.9999691035856, 14.5, 366.9999691035856], ['Q', 14, 366.9999691035856, 13.5, 367.4999690614924], ['Q', 13, 367.9999690193992, 11.5, 370.99996876683997], ['Q', 10, 373.9999685142807, 10, 377.4999682196282], ['Q', 10, 380.99996792497575, 10, 386.9999674198573], ['Q', 10, 392.9999669147388, 10, 393.99996683055235], ['Q', 10, 394.99996674636594, 10, 395.99996666217953], ['Q', 10, 396.9999665779931, 10.5, 397.49996653589994], ['Q', 11, 397.9999664938067, 12, 398.9999664096203], ['Q', 13, 399.9999663254339, 13.5, 400.49996628334065], ['Q', 14, 400.9999662412475, 14.5, 400.9999662412475], ['Q', 15, 400.9999662412475, 15.5, 400.9999662412475], ['Q', 16, 400.9999662412475, 16.5, 400.9999662412475], ['L', 17.003, 400.9999662412475]]"
